viewing_id,listing_id,client_id,agent_id,result
1,615,1134,1,interested
2,1750,684,29,no_interest
3,496,768,68,interested
4,1530,996,14,no_show
5,669,535,35,no_interest
6,33,707,32,no_interest
7,1828,805,6,no_interest
8,896,993,35,no_show
9,1689,826,18,no_interest
10,99,682,27,interested
11,1427,613,80,no_interest
12,220,314,68,no_interest
13,715,838,57,no_interest
14,1896,315,65,interested
15,88,350,11,no_show
16,1945,732,42,no_interest
17,1741,446,72,interested
18,41,1019,59,interested
19,656,1125,18,interested
20,326,792,24,no_interest
21,446,760,51,no_interest
22,1049,547,37,no_interest
23,6,914,72,no_interest
24,1705,46,62,no_interest
25,169,1153,73,no_show
26,1244,1034,9,no_interest
27,768,759,9,interested
28,1388,568,39,interested
29,629,339,44,interested
30,206,880,36,no_interest
31,365,1065,32,no_interest
32,1320,689,74,no_interest
33,902,912,56,interested
34,1598,654,75,no_show
35,986,39,47,interested
36,1486,540,27,no_interest
37,627,456,56,no_interest
38,1347,1009,14,interested
39,841,1155,23,no_show
40,1487,6,75,interested
41,1255,111,63,no_interest
42,1945,494,39,no_show
43,709,432,47,no_interest
44,956,256,7,no_interest
45,225,253,43,no_interest
46,947,932,30,no_interest
47,1259,539,31,no_interest
48,1677,538,69,no_interest
49,355,722,47,no_interest
50,1025,690,52,interested
51,458,702,35,no_interest
52,1498,1000,40,interested
53,1094,674,48,no_interest
54,1269,644,20,interested
55,297,1099,47,no_show
56,716,1132,3,no_interest
57,1381,1193,45,no_interest
58,1225,618,63,interested
59,1028,201,53,no_interest
60,319,1088,34,no_interest
61,241,397,53,interested
62,438,619,57,interested
63,38,953,14,interested
64,1653,911,13,interested
65,1010,1002,32,no_show
66,255,1139,45,no_interest
67,1172,697,6,no_interest
68,444,1023,37,interested
69,1570,825,5,interested
70,53,392,78,no_interest
71,207,40,10,no_interest
72,1262,64,6,no_interest
73,898,73,50,no_interest
74,1620,553,74,interested
75,1113,886,77,interested
76,1084,641,41,no_interest
77,815,320,15,no_interest
78,748,1185,31,no_interest
79,1579,1199,55,no_interest
80,1387,512,46,no_show
81,1620,878,63,no_show
82,754,730,68,no_interest
83,94,1002,8,no_interest
84,273,1094,69,interested
85,1596,175,28,interested
86,708,219,25,no_interest
87,153,558,25,interested
88,959,635,22,no_interest
89,635,465,56,no_interest
90,1378,461,41,no_interest
91,1581,1163,53,no_interest
92,1680,129,35,no_interest
93,46,402,2,no_interest
94,1873,935,30,no_interest
95,1586,895,47,no_interest
96,315,799,4,no_interest
97,1996,702,24,no_show
98,1371,851,31,no_show
99,965,542,9,interested
100,1038,1072,50,no_interest
101,1195,213,12,no_interest
102,1377,264,26,no_interest
103,341,155,34,no_interest
104,341,661,21,no_interest
105,170,222,75,no_interest
106,1315,1120,73,no_interest
107,301,683,80,no_show
108,808,653,58,no_show
109,1289,559,49,no_show
110,1434,440,24,interested
111,1678,650,36,interested
112,157,225,67,interested
113,1583,1091,44,interested
114,783,922,25,no_interest
115,38,693,19,interested
116,1132,1106,13,no_interest
117,444,911,55,no_interest
118,1599,205,69,no_interest
119,573,1018,11,interested
120,1374,276,22,interested
121,153,535,67,interested
122,498,663,35,no_show
123,1842,200,15,interested
124,347,1110,27,no_show
125,24,401,1,no_interest
126,1800,809,38,no_interest
127,989,95,74,interested
128,864,990,56,interested
129,1114,486,60,interested
130,1517,765,1,no_interest
131,1340,989,9,no_interest
132,380,193,64,interested
133,578,1118,68,no_interest
134,809,1149,7,no_interest
135,211,1027,50,no_interest
136,456,92,29,no_show
137,1375,332,50,no_interest
138,1341,673,52,interested
139,880,957,39,interested
140,1256,171,52,interested
141,1471,473,78,no_interest
142,793,513,73,interested
143,1157,997,2,interested
144,268,689,15,no_interest
145,1221,923,7,interested
146,142,766,72,no_interest
147,385,814,70,interested
148,802,952,2,no_interest
149,359,242,43,no_show
150,138,510,51,no_interest
151,1600,699,22,no_interest
152,8,288,23,interested
153,1171,52,71,no_interest
154,933,752,36,no_interest
155,290,475,26,no_interest
156,754,1117,30,no_interest
157,1695,611,25,no_interest
158,1273,170,1,no_interest
159,919,491,42,no_show
160,984,638,44,no_show
161,773,1176,28,no_interest
162,1446,707,16,interested
163,334,167,39,interested
164,1655,182,20,no_show
165,501,388,12,no_interest
166,753,1052,75,no_interest
167,1160,1185,2,no_show
168,695,930,13,no_interest
169,1010,167,63,no_interest
170,394,67,45,no_interest
171,926,117,74,interested
172,266,520,49,interested
173,191,804,33,no_interest
174,475,1138,76,interested
175,490,918,50,no_interest
176,237,1142,59,no_interest
177,827,937,60,no_show
178,893,125,2,interested
179,460,636,42,no_show
180,1344,932,30,no_interest
181,1309,968,31,interested
182,463,363,34,no_interest
183,861,925,43,no_show
184,1024,541,44,interested
185,1,619,70,interested
186,1093,89,76,interested
187,1789,899,28,no_interest
188,1109,190,45,interested
189,1755,699,38,interested
190,106,932,77,no_interest
191,1196,738,75,no_interest
192,613,978,53,no_interest
193,216,221,7,no_interest
194,1180,969,51,interested
195,921,742,38,no_interest
196,720,857,44,no_interest
197,1049,1158,59,interested
198,794,1181,27,interested
199,692,550,4,no_interest
200,1188,22,78,no_interest
201,1960,779,68,no_show
202,1519,854,2,no_interest
203,777,373,53,interested
204,1064,271,53,no_interest
205,976,70,80,no_interest
206,907,903,59,no_interest
207,768,960,6,no_interest
208,421,1167,73,no_show
209,833,296,49,interested
210,960,377,57,interested
211,1609,175,8,no_show
212,1556,489,46,interested
213,1135,860,23,interested
214,1625,67,53,no_interest
215,1846,344,37,interested
216,475,395,31,interested
217,294,442,79,no_interest
218,471,517,36,interested
219,1613,822,4,no_interest
220,1950,774,73,no_show
221,530,465,1,interested
222,705,268,25,interested
223,1102,803,42,no_interest
224,1227,626,12,interested
225,704,497,62,no_interest
226,100,68,49,no_show
227,543,520,68,no_show
228,1139,689,37,no_interest
229,1598,698,32,interested
230,1970,1186,67,no_interest
231,525,342,47,interested
232,637,294,68,no_interest
233,664,508,57,no_interest
234,620,271,47,interested
235,62,983,72,no_show
236,1949,869,71,no_interest
237,1968,915,70,interested
238,1391,370,6,interested
239,1209,267,22,interested
240,1819,154,62,interested
241,1842,191,80,no_show
242,1851,668,72,no_interest
243,850,428,76,no_interest
244,1356,270,70,no_interest
245,1159,1075,62,interested
246,1814,1064,64,interested
247,1634,157,33,no_interest
248,1650,635,73,interested
249,838,356,74,no_interest
250,971,1183,51,interested
251,236,875,2,interested
252,1557,375,70,no_interest
253,14,965,1,interested
254,161,85,23,no_interest
255,640,694,11,interested
256,44,302,21,no_interest
257,1344,8,11,no_interest
258,1002,740,39,interested
259,557,137,51,interested
260,1021,282,9,interested
261,1819,552,52,no_interest
262,1791,956,41,no_interest
263,37,201,46,interested
264,1395,1170,58,interested
265,350,105,30,no_show
266,816,114,62,no_interest
267,1571,700,38,no_interest
268,1909,387,26,interested
269,1982,763,65,no_show
270,291,488,72,interested
271,1096,22,55,interested
272,181,532,43,no_interest
273,1218,315,30,interested
274,995,155,35,no_interest
275,1089,701,65,no_interest
276,1272,943,1,interested
277,91,219,73,no_interest
278,1248,990,17,interested
279,265,718,10,no_interest
280,95,245,72,interested
281,1483,723,17,interested
282,1444,306,73,no_interest
283,8,551,74,no_interest
284,405,977,75,interested
285,331,212,44,no_interest
286,1921,762,42,no_interest
287,159,880,28,no_interest
288,1323,909,11,interested
289,338,40,60,interested
290,1918,942,39,no_interest
291,227,635,24,interested
292,1661,958,31,no_interest
293,325,790,17,interested
294,164,1060,70,interested
295,144,365,39,no_interest
296,1951,963,58,interested
297,1893,890,60,no_interest
298,1807,529,39,interested
299,627,405,44,no_show
300,1276,948,67,no_interest
301,1237,771,47,no_interest
302,692,832,40,interested
303,1062,89,21,no_interest
304,1171,97,29,interested
305,1094,39,38,interested
306,965,1191,54,no_show
307,1284,63,7,no_interest
308,20,135,54,no_interest
309,990,468,62,no_interest
310,590,344,52,interested
311,1596,284,17,interested
312,1217,315,5,interested
313,1602,473,7,no_interest
314,174,550,8,no_show
315,1391,681,19,no_interest
316,223,233,59,interested
317,374,812,40,no_show
318,530,1007,43,no_interest
319,1986,27,2,no_interest
320,1069,545,17,no_show
321,1633,457,28,no_show
322,1251,1081,35,no_interest
323,628,336,21,no_interest
324,1306,497,42,no_interest
325,1402,851,62,no_interest
326,1633,169,46,interested
327,1219,41,22,interested
328,1576,335,39,no_interest
329,1597,484,52,interested
330,88,416,19,no_interest
331,33,1177,5,no_interest
332,1303,114,56,interested
333,929,833,9,no_show
334,1321,639,39,interested
335,1031,1002,32,no_interest
336,1446,666,41,interested
337,1922,108,37,interested
338,510,256,52,no_interest
339,1227,295,8,no_interest
340,908,745,35,no_show
341,461,403,40,no_show
342,1401,1177,52,no_interest
343,568,655,28,no_interest
344,1376,376,45,interested
345,961,1143,29,interested
346,406,509,66,interested
347,454,505,3,no_show
348,477,568,44,interested
349,1840,427,7,interested
350,472,867,40,interested
351,367,313,38,no_interest
352,1912,520,3,no_interest
353,1104,767,25,no_interest
354,940,323,8,interested
355,711,92,42,no_show
356,819,99,17,interested
357,271,669,13,no_interest
358,999,184,47,no_show
359,665,1095,64,interested
360,1204,547,7,interested
361,312,613,44,interested
362,146,162,76,no_interest
363,761,763,12,interested
364,477,1046,5,no_show
365,1579,1059,10,no_interest
366,1730,511,45,no_show
367,716,458,40,no_interest
368,521,141,79,no_interest
369,964,226,43,no_interest
370,1758,644,46,no_interest
371,249,804,56,no_interest
372,356,1055,17,no_show
373,839,504,3,no_interest
374,882,247,53,interested
375,1746,153,69,no_interest
376,1827,886,31,interested
377,19,2,59,no_interest
378,150,641,6,interested
379,113,644,78,no_interest
380,790,1026,46,no_interest
381,861,913,59,no_show
382,627,389,28,no_interest
383,866,50,65,interested
384,1568,78,14,interested
385,1877,583,54,no_interest
386,1740,103,28,no_interest
387,995,1052,68,no_interest
388,202,1102,77,interested
389,576,801,15,interested
390,498,1137,67,interested
391,1981,1041,61,no_interest
392,1503,722,12,no_interest
393,1403,724,54,no_show
394,94,718,5,no_interest
395,782,685,52,no_interest
396,1099,329,49,no_interest
397,1074,71,2,no_interest
398,320,1000,21,no_interest
399,1483,1135,15,no_interest
400,1933,595,58,interested
401,396,939,27,interested
402,580,37,60,no_interest
403,1490,59,69,interested
404,1575,820,78,no_interest
405,1812,1066,77,no_interest
406,1167,761,14,no_interest
407,710,582,78,no_interest
408,844,946,11,interested
409,985,540,73,interested
410,891,777,68,no_interest
411,856,921,48,interested
412,1150,692,63,no_show
413,173,871,39,interested
414,94,720,78,no_interest
415,1682,824,27,no_show
416,510,184,65,interested
417,1282,899,27,no_interest
418,301,34,5,interested
419,1084,709,55,interested
420,1620,439,31,no_interest
421,1441,977,62,no_interest
422,38,410,13,interested
423,1409,1142,62,interested
424,1604,330,54,interested
425,580,1122,62,no_interest
426,26,212,19,interested
427,118,284,48,no_show
428,595,691,42,interested
429,119,701,38,no_interest
430,65,1039,5,no_interest
431,1201,1128,27,no_interest
432,1016,823,59,interested
433,1045,980,18,interested
434,200,803,28,interested
435,1635,578,32,no_interest
436,1582,122,4,interested
437,163,597,29,interested
438,1260,630,80,no_show
439,37,1008,36,interested
440,1164,1160,53,interested
441,556,847,50,interested
442,1269,1017,25,interested
443,1069,774,21,interested
444,318,927,42,no_interest
445,115,9,22,interested
446,77,266,29,no_show
447,588,80,48,interested
448,959,925,14,interested
449,162,756,67,no_interest
450,90,538,14,no_show
451,1743,340,65,no_show
452,25,690,9,no_interest
453,884,89,70,no_interest
454,1741,369,28,no_interest
455,1000,1080,71,interested
456,565,996,79,interested
457,1141,782,25,no_interest
458,669,288,61,interested
459,662,1130,37,interested
460,319,31,19,interested
461,532,1138,20,interested
462,1115,805,25,no_interest
463,501,946,31,no_interest
464,615,752,6,interested
465,151,226,69,interested
466,313,779,49,no_interest
467,1664,250,34,no_interest
468,1238,510,74,no_interest
469,785,175,4,interested
470,1907,190,65,no_interest
471,1525,255,14,no_interest
472,1648,257,41,no_interest
473,775,293,39,no_interest
474,839,1148,71,no_interest
475,433,593,9,no_show
476,452,537,11,interested
477,406,143,67,interested
478,1934,1152,14,interested
479,1944,701,11,no_interest
480,475,321,41,no_interest
481,912,5,40,interested
482,79,1029,47,no_interest
483,1173,563,7,no_interest
484,1849,792,59,interested
485,1353,1031,59,no_interest
486,142,45,26,interested
487,1658,725,50,interested
488,971,257,20,no_interest
489,1355,968,77,interested
490,112,932,35,interested
491,440,922,34,interested
492,1285,1190,79,no_show
493,1076,922,1,no_interest
494,471,506,78,interested
495,469,806,79,interested
496,381,829,39,interested
497,1707,790,3,interested
498,874,924,45,interested
499,134,1140,6,interested
500,1896,813,31,interested
501,1714,75,11,interested
502,1094,832,43,interested
503,1612,194,22,interested
504,812,77,50,no_show
505,44,126,36,no_interest
506,1947,1068,52,no_interest
507,616,1150,49,no_interest
508,1303,1196,67,no_interest
509,1042,517,67,interested
510,25,505,52,no_interest
511,52,110,59,no_interest
512,9,148,57,no_interest
513,1958,455,62,interested
514,1859,635,77,interested
515,414,76,57,no_interest
516,227,152,57,interested
517,1441,867,7,no_show
518,570,49,22,no_show
519,549,587,38,interested
520,1991,731,43,no_interest
521,867,917,36,interested
522,478,1063,39,no_interest
523,1496,834,44,interested
524,332,469,73,no_show
525,984,55,28,no_interest
526,738,500,1,no_show
527,1551,114,40,no_interest
528,1633,1200,75,interested
529,1284,828,45,interested
530,791,229,79,no_interest
531,1703,935,31,interested
532,931,444,73,no_show
533,1564,876,20,interested
534,1015,312,26,no_interest
535,1663,1148,45,no_interest
536,771,675,32,no_interest
537,315,982,50,no_interest
538,1360,190,34,no_interest
539,1896,495,36,no_interest
540,1621,255,62,no_show
541,800,902,5,no_interest
542,749,746,72,no_interest
543,979,469,41,no_interest
544,257,243,16,interested
545,695,51,51,no_interest
546,1204,1142,79,interested
547,1796,760,34,interested
548,821,428,76,no_interest
549,1221,918,2,interested
550,607,672,47,no_interest
551,1735,473,77,no_interest
552,514,271,61,no_interest
553,203,1108,51,interested
554,1531,1195,20,interested
555,259,113,43,interested
556,1893,356,50,no_show
557,15,99,11,no_interest
558,1631,228,8,interested
559,670,869,10,no_interest
560,1733,1199,59,interested
561,529,517,80,no_interest
562,168,286,12,no_show
563,3,97,72,no_interest
564,1342,396,68,no_show
565,1364,769,74,no_interest
566,1566,1149,52,no_interest
567,403,447,10,interested
568,1363,538,68,interested
569,1385,955,32,no_interest
570,846,744,41,no_interest
571,144,284,17,no_show
572,1582,1087,71,interested
573,287,43,53,interested
574,168,1078,51,no_interest
575,249,985,50,interested
576,1290,458,4,interested
577,847,537,15,no_interest
578,894,489,55,no_interest
579,649,136,53,no_interest
580,890,561,2,no_interest
581,302,462,74,no_interest
582,1461,1171,30,no_interest
583,704,287,69,interested
584,1817,824,59,no_show
585,359,780,78,interested
586,1195,533,78,no_interest
587,1163,658,22,no_show
588,642,379,79,no_interest
589,527,529,39,no_interest
590,571,509,55,no_interest
591,1495,1111,56,no_interest
592,1787,238,10,interested
593,1989,456,29,interested
594,528,50,78,no_interest
595,51,657,72,no_interest
596,175,684,41,no_interest
597,1217,115,50,no_interest
598,342,987,68,no_interest
599,1249,107,22,no_show
600,1182,201,20,interested
601,1495,546,50,no_show
602,959,345,15,no_interest
603,1816,813,51,no_interest
604,444,299,25,interested
605,609,149,69,no_interest
606,359,655,45,no_interest
607,1208,1163,63,no_interest
608,466,933,74,interested
609,1702,736,63,no_show
610,647,710,9,no_interest
611,1318,300,33,no_interest
612,552,175,10,interested
613,1384,444,51,no_show
614,934,25,28,no_interest
615,872,304,46,interested
616,1338,949,56,interested
617,329,748,72,interested
618,1742,329,27,interested
619,1632,30,70,interested
620,815,511,5,no_interest
621,1041,300,74,no_show
622,1287,518,72,interested
623,956,458,22,no_interest
624,81,967,67,no_interest
625,171,352,57,interested
626,875,724,38,no_interest
627,306,377,1,no_interest
628,14,132,79,no_interest
629,47,1128,38,interested
630,963,519,9,no_interest
631,1468,329,63,no_interest
632,881,429,51,interested
633,322,671,46,interested
634,1402,40,3,no_show
635,1813,166,5,no_interest
636,1267,622,69,no_interest
637,1455,264,17,no_interest
638,355,426,7,interested
639,857,22,58,interested
640,493,660,5,interested
641,1340,1084,30,interested
642,1853,390,35,no_interest
643,1797,563,26,no_show
644,678,420,74,interested
645,891,1174,19,no_interest
646,1148,62,78,interested
647,852,812,29,interested
648,1721,874,79,interested
649,1144,966,40,interested
650,423,3,33,interested
651,1864,518,9,no_show
652,798,204,56,interested
653,1189,951,1,interested
654,1120,589,38,no_interest
655,679,1132,4,interested
656,1493,195,63,no_interest
657,293,1189,53,no_interest
658,349,1057,1,no_interest
659,606,197,16,interested
660,651,38,79,no_show
661,836,1174,54,interested
662,1473,400,16,interested
663,333,679,48,interested
664,501,334,18,no_interest
665,1132,99,42,no_interest
666,1123,396,59,no_interest
667,1303,623,31,interested
668,556,118,40,no_interest
669,829,358,44,no_interest
670,1386,407,77,interested
671,1581,219,12,interested
672,676,326,42,interested
673,1405,892,24,no_interest
674,1443,1113,71,no_interest
675,824,83,29,interested
676,912,566,69,no_interest
677,1986,488,3,interested
678,1974,735,69,no_show
679,1040,15,76,no_interest
680,1714,1114,56,interested
681,1821,634,17,interested
682,1829,451,48,no_show
683,673,605,47,no_interest
684,371,93,42,no_interest
685,723,1155,53,no_interest
686,912,1016,77,no_interest
687,1747,181,14,no_interest
688,1609,920,76,no_interest
689,458,38,40,no_interest
690,958,844,19,no_interest
691,513,666,14,interested
692,797,2,71,no_interest
693,1828,731,68,no_interest
694,1867,80,14,no_show
695,1351,344,24,interested
696,421,413,49,no_interest
697,1219,770,8,interested
698,1053,401,35,no_interest
699,1395,145,17,no_interest
700,1302,1184,67,no_interest
701,1478,466,1,no_interest
702,1886,1016,36,interested
703,217,240,32,no_interest
704,1172,982,74,no_show
705,1732,260,60,interested
706,1857,673,51,no_show
707,1869,452,28,no_interest
708,995,1108,67,no_interest
709,1808,299,66,interested
710,1317,1149,79,no_interest
711,1050,215,70,no_interest
712,529,481,74,no_interest
713,1427,498,7,no_interest
714,1837,1165,2,no_interest
715,964,486,64,no_interest
716,1261,1193,79,no_interest
717,1931,609,36,interested
718,1401,518,40,interested
719,1741,89,58,no_interest
720,1855,349,55,interested
721,1312,704,37,no_interest
722,610,926,46,no_show
723,224,801,4,no_show
724,1503,531,32,interested
725,1336,1056,27,no_show
726,1057,675,73,no_interest
727,947,1173,55,interested
728,1752,644,58,no_interest
729,457,1018,43,no_interest
730,1634,1131,10,interested
731,1078,634,28,no_show
732,1387,80,63,no_interest
733,1421,432,8,no_show
734,1336,201,60,no_interest
735,795,193,25,interested
736,53,6,63,no_interest
737,447,795,75,interested
738,391,405,65,interested
739,28,484,25,no_interest
740,1204,697,17,no_show
741,683,89,24,interested
742,1567,284,51,interested
743,325,940,31,interested
744,1375,678,16,interested
745,923,320,34,no_interest
746,110,386,18,no_show
747,504,549,62,no_interest
748,599,869,79,interested
749,69,1199,32,no_interest
750,643,754,45,no_interest
751,86,305,5,interested
752,233,964,33,interested
753,857,634,34,no_show
754,1624,739,73,interested
755,963,803,15,no_interest
756,221,1129,73,interested
757,1358,191,19,no_interest
758,1500,30,54,interested
759,897,830,14,no_show
760,346,307,70,no_interest
761,1344,55,47,interested
762,581,859,72,no_interest
763,509,9,33,interested
764,664,697,75,interested
765,259,836,28,no_interest
766,878,14,64,no_interest
767,1574,1104,78,no_interest
768,639,444,30,no_interest
769,1000,840,25,no_interest
770,1231,127,34,no_interest
771,842,73,4,no_interest
772,1422,501,52,no_interest
773,1477,292,55,no_show
774,1153,36,24,no_show
775,377,307,8,no_interest
776,768,691,3,no_interest
777,938,77,56,no_interest
778,1876,947,4,no_show
779,138,698,14,interested
780,115,425,75,no_interest
781,518,634,79,interested
782,894,975,21,no_show
783,784,374,10,no_interest
784,397,487,30,no_interest
785,1301,149,77,interested
786,1884,774,79,interested
787,6,691,29,interested
788,175,327,23,no_show
789,87,114,72,interested
790,298,1047,30,no_interest
791,911,573,24,no_interest
792,111,647,37,no_interest
793,664,1006,70,no_interest
794,912,342,71,no_show
795,128,820,25,interested
796,1420,1062,4,no_show
797,343,864,74,no_interest
798,1847,597,34,no_interest
799,859,749,65,no_interest
800,282,555,63,no_interest
801,1730,1163,54,no_interest
802,1684,40,55,no_show
803,1948,544,57,interested
804,1286,527,44,interested
805,945,446,58,no_interest
806,1424,514,61,no_interest
807,1856,1099,34,interested
808,8,559,54,interested
809,959,939,7,no_show
810,177,292,79,no_interest
811,1243,930,20,no_interest
812,318,817,67,interested
813,1227,280,66,no_interest
814,301,822,10,no_interest
815,1549,774,33,interested
816,55,3,44,interested
817,1010,153,67,no_show
818,69,686,50,no_interest
819,815,1112,66,interested
820,413,153,52,interested
821,967,1183,48,no_interest
822,296,955,75,no_interest
823,1839,253,23,no_interest
824,538,274,72,no_interest
825,488,765,35,interested
826,817,37,11,no_interest
827,176,1140,34,no_interest
828,1070,902,1,no_show
829,243,966,1,no_interest
830,1597,820,63,no_show
831,211,752,22,interested
832,958,212,8,no_interest
833,585,120,37,interested
834,870,1123,75,interested
835,907,777,58,no_interest
836,1328,602,53,interested
837,110,671,9,interested
838,1898,1169,1,interested
839,961,105,14,no_interest
840,1510,742,4,no_interest
841,25,763,7,interested
842,1363,592,73,no_interest
843,1406,471,80,interested
844,168,25,23,no_interest
845,1814,964,47,no_show
846,1620,970,35,no_interest
847,1382,684,30,no_show
848,865,659,77,no_show
849,925,634,33,no_interest
850,343,710,20,interested
851,1389,529,22,interested
852,171,829,37,interested
853,1595,433,57,interested
854,1928,751,12,no_show
855,385,489,59,no_show
856,1255,471,57,no_interest
857,1631,810,74,no_interest
858,1407,917,49,no_interest
859,1523,772,1,no_interest
860,656,704,64,no_interest
861,1656,938,39,no_interest
862,96,744,67,interested
863,1482,801,67,no_interest
864,564,559,76,no_interest
865,1056,120,28,no_show
866,1633,692,65,no_interest
867,581,93,46,no_interest
868,544,678,4,no_interest
869,1183,1143,56,interested
870,530,766,32,interested
871,1995,904,76,interested
872,1846,239,12,no_interest
873,117,1062,48,no_interest
874,1765,146,69,interested
875,1388,869,66,no_interest
876,1369,659,77,interested
877,340,157,32,interested
878,1182,844,16,no_interest
879,430,108,59,no_interest
880,407,564,69,interested
881,1556,82,20,interested
882,1759,858,34,interested
883,1262,1015,18,interested
884,1744,680,38,no_interest
885,336,1177,67,no_show
886,1899,992,71,no_show
887,1471,289,9,no_show
888,1648,578,61,no_show
889,524,1106,36,no_interest
890,792,11,38,interested
891,508,934,14,no_interest
892,1122,517,61,no_show
893,1802,370,11,interested
894,161,939,24,no_interest
895,1097,98,35,interested
896,296,371,55,no_interest
897,1931,877,80,no_show
898,1062,932,76,no_show
899,1075,945,61,interested
900,571,675,66,interested
901,926,604,9,interested
902,9,237,79,no_show
903,279,1191,28,no_interest
904,1824,7,43,no_show
905,891,373,59,interested
906,132,1191,27,interested
907,1835,511,67,no_interest
908,228,314,36,no_interest
909,1082,587,38,no_interest
910,497,865,45,no_interest
911,1887,144,47,no_interest
912,1646,824,18,no_interest
913,1437,492,8,no_show
914,1662,954,4,no_interest
915,687,517,67,interested
916,648,476,14,interested
917,269,268,58,no_interest
918,614,495,32,interested
919,1715,902,23,no_interest
920,1872,1008,9,no_interest
921,1302,332,37,interested
922,1787,722,54,interested
923,129,216,17,no_interest
924,430,1114,2,no_interest
925,1736,381,72,no_show
926,1106,98,51,no_interest
927,654,612,45,no_interest
928,1046,679,66,no_interest
929,475,725,56,interested
930,1707,608,11,no_interest
931,59,339,71,no_interest
932,361,694,18,interested
933,351,1072,70,interested
934,1197,85,41,no_interest
935,1257,559,50,no_interest
936,1464,1078,40,interested
937,1028,321,69,no_show
938,920,74,43,interested
939,497,163,29,no_interest
940,344,1107,72,no_show
941,943,187,22,interested
942,327,35,27,no_show
943,1935,782,67,no_interest
944,601,260,57,no_show
945,1534,985,70,interested
946,876,1110,44,interested
947,295,1084,60,no_interest
948,60,499,20,interested
949,1870,990,58,no_interest
950,1703,551,57,no_show
951,1960,15,53,interested
952,1100,467,29,interested
953,1297,711,48,no_interest
954,701,871,23,interested
955,1332,265,58,no_interest
956,1462,75,8,interested
957,437,696,68,interested
958,1197,963,28,interested
959,258,947,29,no_interest
960,1371,260,22,no_interest
961,1671,918,3,interested
962,335,522,6,no_interest
963,1989,313,43,interested
964,595,841,67,no_interest
965,1618,457,75,no_interest
966,1828,939,5,interested
967,213,852,62,no_show
968,1101,142,47,no_interest
969,863,585,52,no_show
970,943,477,68,interested
971,1612,704,49,no_interest
972,609,571,66,no_interest
973,1839,542,56,no_interest
974,468,425,24,no_interest
975,1278,145,21,interested
976,1234,677,46,no_interest
977,1881,897,4,interested
978,1739,867,21,interested
979,1260,537,41,no_interest
980,1215,572,21,no_interest
981,66,1000,53,interested
982,1137,662,27,interested
983,264,97,29,no_show
984,502,1180,66,interested
985,241,495,65,no_interest
986,1776,770,19,no_interest
987,508,729,55,no_interest
988,110,657,71,no_interest
989,156,79,70,no_interest
990,1939,240,47,no_interest
991,424,937,36,no_interest
992,405,668,52,no_interest
993,265,922,63,interested
994,1571,944,10,no_show
995,1897,781,47,no_interest
996,1352,754,60,no_interest
997,1191,606,46,no_show
998,698,1164,44,no_interest
999,760,754,4,no_show
1000,664,492,50,interested
1001,1455,170,57,interested
1002,1053,747,37,no_show
1003,1146,460,80,interested
1004,329,641,17,no_interest
1005,1358,752,19,no_interest
1006,127,929,68,no_interest
1007,1026,336,10,interested
1008,642,198,9,no_interest
1009,1454,379,12,interested
1010,1859,767,63,interested
1011,606,655,20,interested
1012,419,83,18,no_interest
1013,790,537,60,interested
1014,1051,1121,19,interested
1015,117,387,47,no_interest
1016,496,353,12,no_interest
1017,1512,583,37,interested
1018,1439,355,75,interested
1019,1583,894,30,interested
1020,1712,46,74,interested
1021,361,182,71,no_show
1022,741,338,46,no_interest
1023,650,1194,73,interested
1024,56,579,62,no_interest
1025,518,182,18,no_interest
1026,1343,485,20,interested
1027,833,17,12,no_interest
1028,1218,179,15,interested
1029,620,478,34,no_interest
1030,1455,752,61,interested
1031,439,886,23,no_show
1032,876,1120,54,interested
1033,1011,490,38,no_interest
1034,238,239,20,interested
1035,339,177,27,no_interest
1036,459,81,12,interested
1037,1760,626,72,interested
1038,1266,1077,78,interested
1039,1117,1082,9,no_interest
1040,1388,845,39,no_interest
1041,324,386,15,no_interest
1042,221,1180,76,interested
1043,316,144,28,interested
1044,804,1151,27,interested
1045,1965,311,30,no_interest
1046,1805,817,63,interested
1047,616,142,62,interested
1048,1758,446,71,no_show
1049,189,236,65,no_interest
1050,982,596,5,interested
1051,1776,62,15,interested
1052,422,326,3,no_interest
1053,510,558,34,no_interest
1054,881,57,64,interested
1055,1832,1064,61,no_interest
1056,707,119,64,no_interest
1057,1539,315,46,no_interest
1058,1338,941,20,interested
1059,1691,773,27,interested
1060,54,402,64,no_show
1061,1032,158,12,no_interest
1062,1747,113,41,no_interest
1063,1414,901,4,no_show
1064,1556,1175,79,interested
1065,1581,422,8,no_interest
1066,1782,946,3,interested
1067,1217,576,52,no_show
1068,1767,813,51,no_interest
1069,503,281,32,interested
1070,945,122,4,no_interest
1071,1521,652,67,no_interest
1072,1601,55,75,no_interest
1073,1870,135,36,no_interest
1074,1146,862,26,interested
1075,443,611,28,no_interest
1076,1637,832,44,no_show
1077,1594,1006,38,interested
1078,1426,1110,68,no_interest
1079,1277,351,32,no_interest
1080,1229,11,74,no_interest
1081,292,1075,42,no_show
1082,1718,290,48,no_interest
1083,692,562,46,interested
1084,1783,231,28,no_interest
1085,235,1180,54,no_interest
1086,1974,440,40,no_interest
1087,339,482,55,no_interest
1088,1149,423,71,no_interest
1089,401,812,73,no_interest
1090,395,298,31,no_interest
1091,67,529,31,no_interest
1092,900,746,67,interested
1093,863,561,67,no_interest
1094,983,545,13,interested
1095,1006,181,17,interested
1096,467,217,59,interested
1097,1824,346,74,no_interest
1098,819,77,16,interested
1099,1052,619,1,no_interest
1100,228,552,33,no_interest
1101,758,900,23,no_interest
1102,1448,639,28,no_interest
1103,1827,141,10,no_interest
1104,781,243,14,interested
1105,1879,64,26,no_show
1106,156,183,67,no_interest
1107,819,46,43,interested
1108,1453,553,49,no_show
1109,1864,529,23,no_interest
1110,1026,506,49,no_interest
1111,524,475,64,no_interest
1112,547,56,26,interested
1113,1637,559,41,interested
1114,693,1161,46,no_interest
1115,1614,869,4,interested
1116,15,177,12,no_interest
1117,848,282,20,no_interest
1118,307,452,67,interested
1119,1203,966,35,no_interest
1120,1415,203,57,no_interest
1121,1645,426,50,no_interest
1122,475,1096,48,no_interest
1123,1792,114,75,interested
1124,1391,924,3,no_show
1125,1200,397,34,interested
1126,1467,1175,11,no_interest
1127,1882,739,5,no_interest
1128,143,388,53,no_interest
1129,1620,532,3,interested
1130,1672,1081,33,no_interest
1131,387,971,60,interested
1132,1416,861,23,no_interest
1133,1901,1169,43,no_interest
1134,1181,687,16,interested
1135,372,728,33,interested
1136,1534,793,55,no_interest
1137,602,284,11,no_show
1138,1540,975,46,no_interest
1139,268,973,44,interested
1140,16,25,15,no_interest
1141,1906,137,58,interested
1142,627,945,75,no_interest
1143,583,654,75,interested
1144,642,241,53,no_interest
1145,1129,467,21,no_interest
1146,1863,1054,78,no_interest
1147,187,95,7,interested
1148,27,953,72,no_show
1149,212,257,80,interested
1150,1344,692,58,no_interest
1151,154,491,6,no_show
1152,1790,1160,39,no_interest
1153,185,591,23,no_interest
1154,1825,503,41,no_interest
1155,1585,307,70,interested
1156,437,990,22,no_interest
1157,1659,967,46,no_show
1158,1349,1008,74,no_show
1159,256,427,7,no_show
1160,850,668,49,interested
1161,935,968,13,no_interest
1162,700,1061,72,interested
1163,1493,133,68,no_show
1164,1967,960,5,no_interest
1165,1069,569,10,no_show
1166,1917,5,63,no_interest
1167,248,238,54,interested
1168,616,822,33,interested
1169,1460,168,14,no_show
1170,1754,1034,31,interested
1171,1181,937,47,no_interest
1172,354,619,63,interested
1173,1499,1058,70,no_show
1174,1568,690,24,interested
1175,1478,989,38,no_interest
1176,1718,1015,59,interested
1177,961,1148,72,no_show
1178,1296,302,44,interested
1179,685,195,21,interested
1180,1331,1137,4,no_interest
1181,335,340,52,no_interest
1182,1990,1200,8,no_interest
1183,1364,832,53,no_interest
1184,304,1109,56,interested
1185,1473,417,71,no_show
1186,1698,1170,47,no_interest
1187,840,630,52,no_interest
1188,1370,1085,18,no_show
1189,1574,3,2,interested
1190,1526,968,2,no_interest
1191,1535,44,58,interested
1192,504,999,67,no_interest
1193,1081,1049,54,no_show
1194,1444,891,75,interested
1195,75,1022,5,no_interest
1196,1822,1055,31,interested
1197,556,317,56,no_interest
1198,624,1108,57,no_show
1199,1913,361,79,no_interest
1200,122,973,37,no_interest
1201,551,697,51,interested
1202,273,875,61,interested
1203,1387,566,12,no_interest
1204,1045,329,65,interested
1205,1201,556,64,no_interest
1206,717,8,6,interested
1207,684,272,20,interested
1208,896,368,51,no_interest
1209,463,120,28,interested
1210,1523,797,33,interested
1211,1952,761,57,interested
1212,21,68,60,no_interest
1213,1680,529,6,no_interest
1214,466,687,12,no_interest
1215,703,301,20,interested
1216,819,981,48,interested
1217,702,1143,26,no_interest
1218,1297,1178,76,no_show
1219,127,734,27,interested
1220,1893,836,77,no_show
1221,398,279,64,no_interest
1222,445,529,17,interested
1223,1933,727,52,interested
1224,1939,1065,30,no_interest
1225,1834,449,64,no_interest
1226,382,691,75,interested
1227,73,478,30,no_interest
1228,1689,109,1,no_interest
1229,1197,640,19,no_interest
1230,515,70,27,no_interest
1231,23,548,26,interested
1232,1817,403,16,no_interest
1233,1101,1054,27,no_interest
1234,752,817,11,interested
1235,1323,998,71,no_interest
1236,26,552,60,interested
1237,207,1073,48,no_interest
1238,1408,233,62,no_show
1239,1171,790,70,interested
1240,1337,791,38,interested
1241,1446,731,40,interested
1242,1704,296,13,interested
1243,1364,1105,29,no_interest
1244,1370,323,56,interested
1245,662,423,19,no_interest
1246,923,406,78,no_interest
1247,1085,743,79,interested
1248,1487,272,68,no_show
1249,438,1172,5,interested
1250,936,960,67,no_show
1251,1388,433,11,no_interest
1252,47,488,22,interested
1253,1045,767,75,no_interest
1254,862,708,47,no_interest
1255,1395,62,17,interested
1256,812,893,56,no_show
1257,1509,1074,52,no_interest
1258,1572,76,52,no_interest
1259,458,610,64,no_interest
1260,192,610,73,no_interest
1261,1090,878,32,interested
1262,1196,734,79,interested
1263,1497,2,30,no_interest
1264,380,636,19,no_show
1265,781,346,20,interested
1266,722,1160,52,interested
1267,1387,905,38,interested
1268,1386,850,30,no_interest
1269,527,690,77,interested
1270,412,1140,73,interested
1271,1614,586,54,interested
1272,1595,754,26,interested
1273,120,1052,63,interested
1274,110,307,12,interested
1275,300,958,27,interested
1276,771,454,22,interested
1277,800,945,27,no_interest
1278,1694,381,22,no_show
1279,419,584,65,no_interest
1280,1156,438,77,no_show
1281,873,802,1,no_interest
1282,1189,254,5,no_interest
1283,620,1124,67,no_interest
1284,1475,47,57,interested
1285,1759,316,53,interested
1286,1893,917,72,no_show
1287,1287,405,61,no_interest
1288,1258,744,36,interested
1289,883,120,79,no_interest
1290,1228,406,64,interested
1291,850,600,47,no_interest
1292,1146,221,2,interested
1293,1539,1006,32,no_interest
1294,858,892,74,no_interest
1295,523,1012,28,no_interest
1296,1984,479,70,no_interest
1297,1125,117,42,interested
1298,1933,1173,4,no_interest
1299,797,895,45,no_show
1300,180,1133,25,no_interest
1301,1637,621,58,no_interest
1302,1216,1083,70,no_interest
1303,912,561,32,no_interest
1304,727,89,78,no_interest
1305,1041,654,80,interested
1306,84,810,21,no_interest
1307,119,307,31,interested
1308,1763,1169,76,no_interest
1309,799,575,51,no_interest
1310,1951,339,34,no_show
1311,611,476,46,interested
1312,831,676,23,no_show
1313,383,210,46,interested
1314,1685,482,65,no_interest
1315,11,1068,70,interested
1316,677,636,54,no_interest
1317,782,875,1,no_show
1318,1204,121,28,no_interest
1319,532,904,36,no_interest
1320,1505,1194,16,no_interest
1321,1805,168,55,interested
1322,364,238,44,interested
1323,1546,487,74,no_interest
1324,830,642,45,no_interest
1325,838,1030,9,no_interest
1326,1850,91,6,no_interest
1327,620,252,41,no_interest
1328,454,441,28,interested
1329,1731,1114,54,no_interest
1330,1355,822,1,interested
1331,458,1056,41,interested
1332,1,54,22,no_interest
1333,1609,987,25,no_interest
1334,24,217,4,interested
1335,1753,603,46,no_show
1336,194,1110,12,no_show
1337,1145,113,50,no_interest
1338,1340,186,77,interested
1339,1164,1185,15,interested
1340,822,766,5,no_show
1341,689,248,74,interested
1342,1665,456,74,no_interest
1343,898,167,65,no_interest
1344,1353,1009,10,no_interest
1345,1099,24,40,no_interest
1346,303,418,21,no_interest
1347,1941,1144,47,interested
1348,1881,208,77,no_interest
1349,315,451,27,no_interest
1350,153,399,36,no_interest
1351,335,277,6,no_interest
1352,1930,544,6,no_interest
1353,1933,437,62,no_show
1354,150,965,64,interested
1355,1139,715,50,interested
1356,920,523,70,interested
1357,819,218,9,no_interest
1358,1836,372,54,no_interest
1359,1517,269,5,no_interest
1360,1878,122,50,no_interest
1361,1701,759,10,no_interest
1362,1005,192,22,interested
1363,1136,884,7,no_interest
1364,130,1111,11,no_show
1365,1367,270,30,no_show
1366,1259,454,26,interested
1367,665,732,75,no_show
1368,1041,1015,75,no_interest
1369,278,122,55,no_interest
1370,453,236,37,no_interest
1371,699,882,72,no_interest
1372,1035,216,3,no_show
1373,1442,793,14,no_interest
1374,829,1122,7,no_show
1375,736,64,45,interested
1376,134,289,7,no_interest
1377,1624,865,1,no_interest
1378,830,562,14,no_show
1379,1823,1141,2,interested
1380,1531,834,6,no_show
1381,1437,155,79,no_interest
1382,210,526,5,no_interest
1383,1131,484,35,no_interest
1384,667,540,36,no_interest
1385,722,62,52,interested
1386,1393,681,65,interested
1387,1696,270,59,interested
1388,816,886,77,no_interest
1389,1402,1119,45,no_interest
1390,84,998,34,interested
1391,562,161,40,interested
1392,1268,33,38,no_interest
1393,931,908,56,interested
1394,1737,391,69,interested
1395,832,800,78,interested
1396,1230,708,25,interested
1397,801,586,64,interested
1398,1291,821,16,no_interest
1399,602,769,67,interested
1400,1857,30,18,no_show
1401,1971,794,17,no_interest
1402,914,795,11,interested
1403,800,793,18,no_interest
1404,1107,818,56,interested
1405,389,632,77,no_interest
1406,554,820,71,no_interest
1407,1293,846,62,no_interest
1408,256,811,48,interested
1409,1719,1020,63,no_interest
1410,605,92,21,interested
1411,746,1019,17,interested
1412,1469,303,42,interested
1413,368,416,44,interested
1414,1696,800,5,interested
1415,658,1071,80,interested
1416,800,129,58,interested
1417,742,116,44,no_interest
1418,17,738,30,interested
1419,1572,180,25,no_interest
1420,1055,558,48,no_show
1421,35,675,79,no_show
1422,1278,471,37,no_interest
1423,497,307,17,no_interest
1424,1457,254,1,no_interest
1425,1809,301,75,interested
1426,529,464,14,no_interest
1427,568,154,36,no_show
1428,1654,1103,63,no_interest
1429,544,404,60,no_show
1430,987,1115,20,no_interest
1431,623,93,20,interested
1432,236,875,68,interested
1433,190,445,63,no_interest
1434,1159,1059,11,no_interest
1435,1338,32,6,no_interest
1436,1161,785,20,no_show
1437,334,837,45,no_show
1438,1064,892,28,no_interest
1439,741,1033,61,no_interest
1440,579,711,17,no_interest
1441,1572,616,65,no_interest
1442,1092,295,26,no_interest
1443,1012,306,41,interested
1444,1532,381,17,no_interest
1445,415,670,15,interested
1446,955,1079,72,no_interest
1447,1134,52,43,interested
1448,512,516,44,interested
1449,1135,1080,24,no_interest
1450,967,326,1,no_show
1451,904,813,61,no_interest
1452,1875,776,6,no_interest
1453,1107,1119,64,interested
1454,1448,1026,58,interested
1455,1363,265,8,no_interest
1456,642,426,10,no_interest
1457,1683,441,50,no_interest
1458,1238,389,14,interested
1459,1537,280,51,interested
1460,1345,71,62,no_interest
1461,1458,169,33,no_interest
1462,540,451,1,no_interest
1463,250,32,50,interested
1464,1889,587,46,interested
1465,1615,783,40,interested
1466,945,639,35,no_show
1467,438,142,77,no_interest
1468,1742,981,13,no_interest
1469,1400,743,30,interested
1470,498,567,75,no_show
1471,338,886,79,no_interest
1472,189,52,6,no_interest
1473,1622,620,29,interested
1474,1229,1017,47,no_interest
1475,1112,729,71,no_interest
1476,1284,141,68,no_interest
1477,190,976,66,no_interest
1478,1942,268,15,interested
1479,1210,315,64,no_interest
1480,446,935,56,no_show
1481,450,1055,17,no_interest
1482,591,1195,6,no_show
1483,432,440,16,interested
1484,382,470,78,interested
1485,1141,84,57,interested
1486,923,424,16,no_show
1487,1499,1076,28,no_interest
1488,1138,949,40,no_interest
1489,1481,1017,33,interested
1490,37,453,52,interested
1491,1761,724,52,interested
1492,1377,921,49,no_show
1493,286,332,71,no_show
1494,247,371,69,interested
1495,1190,436,65,no_interest
1496,1963,1101,22,no_interest
1497,1619,536,57,interested
1498,536,442,77,interested
1499,1742,23,39,no_interest
1500,738,883,73,interested
1501,1558,76,52,no_interest
1502,1980,814,5,no_show
1503,1113,722,30,interested
1504,415,517,34,interested
1505,697,1068,36,no_interest
1506,1152,188,15,no_show
1507,1348,634,56,interested
1508,316,536,24,interested
1509,1788,797,31,no_interest
1510,1398,181,61,no_interest
1511,39,629,72,no_interest
1512,1921,462,49,interested
1513,1945,1084,13,interested
1514,842,693,75,interested
1515,741,1132,48,no_interest
1516,529,342,10,no_interest
1517,1024,1176,26,no_show
1518,428,840,25,no_show
1519,807,690,74,no_interest
1520,1002,819,60,no_interest
1521,1009,976,63,interested
1522,430,740,72,no_interest
1523,428,633,12,no_interest
1524,1220,150,75,interested
1525,1587,1138,4,no_show
1526,1337,1115,39,interested
1527,1612,1007,17,interested
1528,1245,27,63,no_interest
1529,236,745,4,interested
1530,154,168,29,no_interest
1531,685,631,68,no_show
1532,631,580,24,no_interest
1533,846,515,64,no_interest
1534,1553,153,34,no_show
1535,1237,27,12,interested
1536,1488,1075,51,interested
1537,1913,788,33,no_interest
1538,1442,38,40,no_interest
1539,1640,1169,12,interested
1540,1855,986,29,no_interest
1541,1889,55,49,no_interest
1542,1923,1173,49,no_interest
1543,474,793,58,interested
1544,75,1197,51,interested
1545,1641,372,25,no_interest
1546,886,626,29,no_interest
1547,118,746,66,no_interest
1548,1163,1159,57,no_show
1549,1835,547,47,no_interest
1550,961,213,47,interested
1551,1397,910,80,interested
1552,1574,1002,60,interested
1553,237,688,40,no_interest
1554,197,956,64,interested
1555,1656,375,53,interested
1556,1980,869,66,interested
1557,1042,1131,69,no_show
1558,1407,1128,54,no_interest
1559,72,1073,44,no_interest
1560,972,411,45,no_interest
1561,1983,981,76,interested
1562,436,399,53,interested
1563,1810,1017,7,interested
1564,412,308,63,interested
1565,1010,869,45,no_interest
1566,1656,541,43,no_interest
1567,1344,794,50,no_interest
1568,1678,1195,34,no_show
1569,1525,161,45,interested
1570,1287,489,36,no_show
1571,1858,518,41,no_interest
1572,1469,266,33,interested
1573,747,495,57,no_interest
1574,1230,12,72,no_interest
1575,1392,1074,79,interested
1576,1800,465,80,interested
1577,1798,56,31,no_interest
1578,1669,716,36,no_interest
1579,1929,67,62,no_interest
1580,768,471,69,interested
1581,1494,1093,48,no_show
1582,1189,387,24,no_interest
1583,248,508,53,no_interest
1584,621,1075,6,no_interest
1585,567,60,61,interested
1586,429,114,36,interested
1587,3,792,28,interested
1588,1447,528,4,interested
1589,94,290,53,interested
1590,472,1092,58,no_interest
1591,885,422,26,no_show
1592,1894,809,60,interested
1593,875,546,51,no_show
1594,1527,77,32,interested
1595,1756,280,63,interested
1596,1606,1169,80,no_interest
1597,229,688,77,interested
1598,110,1179,37,no_interest
1599,143,110,12,interested
1600,1287,1002,56,interested
1601,1647,1093,15,no_interest
1602,1222,672,15,interested
1603,1061,538,76,no_show
1604,975,1159,61,interested
1605,403,484,3,no_interest
1606,540,516,28,no_show
1607,916,761,35,no_interest
1608,969,1082,76,interested
1609,700,47,45,no_interest
1610,1574,376,53,interested
1611,1558,958,4,no_interest
1612,1763,1082,61,interested
1613,1549,964,8,no_interest
1614,1304,1110,16,no_show
1615,1229,374,31,no_show
1616,818,195,28,no_interest
1617,261,385,63,no_interest
1618,746,1067,39,no_show
1619,210,425,32,no_interest
1620,1916,1026,58,interested
1621,1878,1035,2,no_interest
1622,136,92,52,no_interest
1623,745,244,4,no_interest
1624,548,84,64,interested
1625,932,1081,27,no_interest
1626,1395,618,57,no_interest
1627,551,1050,26,no_interest
1628,467,521,67,no_interest
1629,720,948,28,no_interest
1630,1774,673,37,no_interest
1631,15,597,34,no_interest
1632,982,379,66,interested
1633,21,388,16,no_show
1634,1135,1037,32,no_interest
1635,1610,799,33,interested
1636,1942,170,55,no_interest
1637,1064,667,80,no_interest
1638,547,535,35,no_show
1639,1129,1151,74,no_show
1640,1521,442,4,interested
1641,382,69,60,no_interest
1642,762,893,1,no_interest
1643,1690,701,20,no_interest
1644,1280,111,16,no_interest
1645,326,424,5,no_show
1646,1244,824,49,interested
1647,44,339,32,interested
1648,1975,819,46,interested
1649,7,502,4,no_interest
1650,1317,241,46,interested
1651,1628,124,24,no_interest
1652,427,335,4,interested
1653,1775,732,28,interested
1654,2000,669,1,interested
1655,263,411,11,no_interest
1656,1089,287,5,no_interest
1657,1419,788,67,interested
1658,1861,114,39,no_interest
1659,255,67,73,interested
1660,1982,115,45,interested
1661,590,919,28,no_show
1662,736,909,63,no_interest
1663,1813,419,76,no_interest
1664,1928,308,35,no_interest
1665,675,671,31,no_interest
1666,215,768,11,no_interest
1667,996,298,25,no_interest
1668,1783,283,56,no_show
1669,1745,270,76,interested
1670,1960,202,65,interested
1671,1784,743,47,no_interest
1672,1405,858,68,no_interest
1673,1355,163,44,no_show
1674,1212,85,32,interested
1675,1052,254,74,no_interest
1676,1489,673,39,interested
1677,1028,929,50,interested
1678,1637,694,2,no_interest
1679,1561,603,66,no_interest
1680,1199,236,42,no_interest
1681,1046,1172,18,no_interest
1682,591,834,38,interested
1683,1879,681,4,no_interest
1684,1743,846,77,no_show
1685,710,722,77,no_interest
1686,1585,431,48,no_show
1687,1042,1047,10,no_show
1688,1040,275,20,no_interest
1689,1590,676,39,no_interest
1690,1713,926,64,no_show
1691,557,763,74,no_show
1692,758,582,16,interested
1693,1054,917,19,no_show
1694,1509,509,62,no_interest
1695,1261,79,3,no_interest
1696,1456,584,43,no_show
1697,1229,583,71,no_interest
1698,1166,853,60,no_show
1699,1889,217,56,no_interest
1700,405,1155,44,no_interest
1701,1350,1001,16,interested
1702,746,453,44,no_show
1703,1905,346,58,no_interest
1704,540,43,49,interested
1705,1603,318,20,no_interest
1706,1392,989,51,interested
1707,1650,129,37,no_interest
1708,1943,232,26,interested
1709,1017,102,8,interested
1710,1967,747,44,no_interest
1711,1619,594,46,interested
1712,1974,689,47,no_show
1713,1642,384,16,no_interest
1714,1144,440,27,interested
1715,1987,991,54,no_interest
1716,111,1148,79,interested
1717,16,618,75,interested
1718,1030,855,7,interested
1719,163,971,12,interested
1720,676,966,72,interested
1721,325,192,75,no_interest
1722,475,457,51,no_interest
1723,1817,95,79,no_interest
1724,497,141,54,interested
1725,1180,1061,65,no_interest
1726,1324,51,12,interested
1727,762,1131,26,no_interest
1728,191,222,48,no_interest
1729,355,90,21,no_interest
1730,100,68,79,no_interest
1731,1405,487,28,no_show
1732,888,498,64,no_interest
1733,379,5,31,no_interest
1734,1304,917,67,interested
1735,1342,129,72,no_interest
1736,433,1082,39,interested
1737,1924,922,67,interested
1738,1549,845,58,no_interest
1739,509,560,18,no_interest
1740,1114,477,39,no_interest
1741,190,381,38,interested
1742,1569,829,56,interested
1743,570,305,53,interested
1744,1738,62,33,no_interest
1745,1145,398,22,no_interest
1746,1228,890,53,interested
1747,1217,671,67,interested
1748,1420,1126,61,no_interest
1749,1751,620,35,no_interest
1750,346,638,50,no_interest
1751,1360,181,40,no_show
1752,527,787,79,interested
1753,1625,1166,79,no_interest
1754,511,189,42,interested
1755,896,827,40,no_interest
1756,402,572,2,no_show
1757,1284,776,75,no_interest
1758,1735,1138,73,no_interest
1759,550,796,50,no_interest
1760,1655,1064,9,no_show
1761,250,1102,24,no_interest
1762,1181,299,32,no_interest
1763,1332,280,35,interested
1764,1005,282,24,no_show
1765,464,958,27,interested
1766,1448,1143,35,interested
1767,793,132,27,no_interest
1768,1008,617,67,no_show
1769,1016,1027,32,interested
1770,544,676,42,no_interest
1771,1406,667,58,no_interest
1772,1335,762,59,no_interest
1773,1151,5,7,no_show
1774,691,138,17,no_show
1775,1305,981,55,interested
1776,524,541,28,no_show
1777,1875,460,22,no_interest
1778,753,842,14,interested
1779,890,728,25,no_show
1780,1638,519,23,interested
1781,598,310,12,no_show
1782,1045,884,57,interested
1783,1466,205,48,interested
1784,512,668,11,no_interest
1785,190,1171,68,interested
1786,1934,45,44,no_interest
1787,1285,208,31,interested
1788,1801,1121,41,interested
1789,180,539,25,no_show
1790,1706,381,73,no_interest
1791,1903,975,55,no_interest
1792,420,382,63,no_interest
1793,1417,98,36,interested
1794,419,1123,13,interested
1795,84,1036,79,no_show
1796,1509,1006,6,interested
1797,310,260,78,interested
1798,548,716,59,no_show
1799,1341,606,75,no_interest
1800,833,742,80,no_interest
1801,684,272,61,interested
1802,370,720,79,no_interest
1803,196,232,38,interested
1804,1851,1032,25,interested
1805,1930,13,62,no_interest
1806,1837,751,16,interested
1807,877,158,2,no_interest
1808,314,287,14,no_interest
1809,1204,934,37,interested
1810,1917,412,59,interested
1811,916,490,20,interested
1812,504,170,79,interested
1813,578,510,12,interested
1814,871,843,45,interested
1815,89,360,29,interested
1816,178,848,46,interested
1817,46,858,19,interested
1818,668,680,44,interested
1819,936,285,7,no_interest
1820,830,969,8,interested
1821,1483,644,15,interested
1822,1822,730,56,no_interest
1823,86,873,75,interested
1824,947,156,10,no_show
1825,171,1071,12,no_interest
1826,930,415,24,no_show
1827,748,385,74,no_interest
1828,1557,474,3,no_interest
1829,759,559,68,interested
1830,1194,655,11,no_show
1831,858,678,61,no_interest
1832,1836,906,75,interested
1833,298,222,68,interested
1834,303,556,23,interested
1835,543,845,68,no_interest
1836,1287,678,15,no_interest
1837,293,71,39,interested
1838,1587,133,42,no_interest
1839,1115,1034,5,no_interest
1840,202,103,78,interested
1841,583,802,47,no_interest
1842,460,854,26,no_interest
1843,14,647,62,no_interest
1844,755,620,25,no_interest
1845,1783,109,1,no_interest
1846,1107,578,16,no_interest
1847,540,478,58,no_show
1848,68,301,13,no_interest
1849,22,553,57,interested
1850,1678,377,44,no_interest
1851,1790,348,71,no_show
1852,1710,459,28,no_show
1853,1286,1158,61,interested
1854,1315,1105,48,interested
1855,223,930,49,no_interest
1856,768,76,46,no_interest
1857,1011,485,73,interested
1858,1564,142,8,no_interest
1859,1477,744,76,interested
1860,776,1123,25,interested
1861,1333,151,63,no_interest
1862,1822,770,37,no_interest
1863,58,1064,78,no_interest
1864,528,615,6,interested
1865,1443,607,46,no_interest
1866,1516,685,74,interested
1867,1723,755,60,interested
1868,1019,783,48,interested
1869,535,803,24,no_show
1870,961,1102,42,no_interest
1871,1337,374,58,interested
1872,1356,328,53,interested
1873,264,785,9,interested
1874,894,1050,3,no_interest
1875,55,452,56,no_interest
1876,1204,140,76,interested
1877,1171,8,72,interested
1878,958,101,7,no_show
1879,279,1024,52,no_interest
1880,1081,50,45,no_show
1881,1644,1073,60,no_interest
1882,1006,1016,7,interested
1883,1375,951,18,no_interest
1884,1038,266,13,interested
1885,688,875,77,no_show
1886,627,889,4,no_show
1887,921,415,41,no_show
1888,742,800,73,no_interest
1889,1215,343,20,interested
1890,1773,247,27,interested
1891,492,1166,59,no_interest
1892,1497,1087,79,interested
1893,92,100,64,interested
1894,870,957,35,no_show
1895,1480,1076,54,no_interest
1896,388,744,70,interested
1897,268,232,63,no_interest
1898,537,1044,58,no_show
1899,578,1023,58,no_interest
1900,766,683,71,interested
1901,1100,482,48,interested
1902,1186,962,16,interested
1903,297,74,11,no_interest
1904,127,779,33,no_interest
1905,1184,253,20,interested
1906,1006,230,74,interested
1907,861,1199,74,interested
1908,757,490,5,interested
1909,157,503,72,no_interest
1910,444,82,42,no_interest
1911,1087,272,66,no_interest
1912,1483,978,48,interested
1913,675,679,23,no_interest
1914,352,110,18,no_interest
1915,567,1125,63,interested
1916,1033,254,15,interested
1917,323,826,76,no_show
1918,1207,404,38,no_interest
1919,251,926,30,no_interest
1920,339,262,18,no_interest
1921,170,903,59,no_interest
1922,688,17,32,no_interest
1923,568,900,48,no_interest
1924,1320,114,41,interested
1925,988,1014,62,no_interest
1926,1153,162,59,interested
1927,152,258,39,interested
1928,1313,654,27,interested
1929,1030,157,9,no_interest
1930,1014,721,5,no_show
1931,289,941,21,interested
1932,557,1056,5,no_interest
1933,386,780,76,no_interest
1934,765,924,46,no_show
1935,382,526,26,interested
1936,206,834,69,interested
1937,1694,944,1,no_interest
1938,1100,646,42,interested
1939,1173,558,30,no_interest
1940,1187,559,35,no_interest
1941,124,139,3,interested
1942,1758,997,76,no_interest
1943,1275,396,45,interested
1944,1198,308,15,no_show
1945,3,219,68,no_interest
1946,1035,1118,79,no_interest
1947,1831,233,28,no_show
1948,1562,503,48,no_interest
1949,1953,658,27,no_interest
1950,1632,1030,10,interested
1951,666,1023,5,no_show
1952,614,939,48,interested
1953,1317,190,53,interested
1954,1911,331,50,interested
1955,1705,685,42,interested
1956,334,7,23,no_show
1957,1701,473,44,no_interest
1958,1625,798,80,no_interest
1959,348,296,32,no_interest
1960,9,1004,11,no_interest
1961,505,605,30,interested
1962,785,128,80,no_show
1963,1707,531,61,no_interest
1964,1477,104,54,interested
1965,1621,512,74,no_interest
1966,158,106,57,no_interest
1967,1585,733,14,interested
1968,691,274,10,interested
1969,1562,175,23,interested
1970,350,339,38,no_interest
1971,999,693,52,interested
1972,1054,86,78,interested
1973,519,176,68,no_interest
1974,1859,688,35,interested
1975,448,404,56,interested
1976,1497,26,18,no_interest
1977,1926,138,43,no_show
1978,1427,655,71,interested
1979,1325,203,48,no_interest
1980,1124,350,73,interested
1981,675,364,39,no_interest
1982,349,176,75,no_show
1983,1318,211,37,interested
1984,1194,554,65,interested
1985,226,583,1,no_interest
1986,444,1052,47,no_interest
1987,813,1183,75,interested
1988,248,583,22,no_interest
1989,316,12,16,no_interest
1990,1681,63,14,no_interest
1991,1823,88,20,interested
1992,1848,1037,39,no_interest
1993,893,1031,66,no_show
1994,801,826,47,no_interest
1995,1114,152,70,interested
1996,383,256,32,no_interest
1997,937,670,78,no_show
1998,1871,853,40,no_show
1999,1422,1182,16,no_show
2000,1980,642,25,no_interest
2001,1474,233,72,no_interest
2002,1828,195,13,interested
2003,1060,645,18,interested
2004,736,825,69,no_interest
2005,1818,483,38,interested
2006,514,26,17,interested
2007,1488,516,51,interested
2008,805,977,11,no_interest
2009,1599,324,2,no_show
2010,642,506,33,interested
2011,1100,869,57,no_interest
2012,1667,918,61,interested
2013,637,276,80,no_show
2014,406,1097,64,no_interest
2015,1864,874,51,no_show
2016,620,107,70,no_interest
2017,1835,1023,63,no_show
2018,154,82,58,no_interest
2019,366,599,7,interested
2020,1706,448,5,no_show
2021,759,150,3,no_interest
2022,1668,1010,19,interested
2023,947,282,45,interested
2024,886,710,38,no_show
2025,895,1090,76,no_interest
2026,1216,365,63,no_show
2027,890,480,75,no_interest
2028,1433,380,29,no_interest
2029,212,1130,22,no_interest
2030,1048,1181,25,no_show
2031,1328,393,22,no_interest
2032,941,1125,55,no_interest
2033,980,82,36,interested
2034,1795,476,46,no_show
2035,936,474,11,no_interest
2036,1234,753,75,interested
2037,1681,166,55,no_interest
2038,1215,384,11,no_interest
2039,653,511,40,no_interest
2040,1475,117,45,interested
2041,962,7,64,no_interest
2042,13,1144,71,no_show
2043,1849,610,73,interested
2044,1184,819,26,no_interest
2045,935,774,65,no_interest
2046,1963,850,17,no_interest
2047,487,1120,2,no_interest
2048,1868,1186,46,interested
2049,1600,527,71,interested
2050,736,570,22,interested
2051,760,1194,43,interested
2052,402,387,5,no_interest
2053,1255,138,45,interested
2054,1192,847,27,no_interest
2055,726,225,13,interested
2056,842,1020,40,interested
2057,1378,472,55,interested
2058,1549,729,78,interested
2059,1748,687,4,interested
2060,1007,487,64,no_show
2061,1855,292,19,interested
2062,276,860,63,no_interest
2063,1612,955,6,no_show
2064,407,354,28,no_interest
2065,1117,230,18,no_interest
2066,904,130,68,no_interest
2067,1340,1168,30,interested
2068,1763,630,57,no_interest
2069,1745,656,18,no_show
2070,246,145,21,no_interest
2071,650,1191,55,interested
2072,1755,1020,28,interested
2073,627,422,31,no_show
2074,216,34,69,no_interest
2075,332,494,7,no_interest
2076,1500,685,75,no_show
2077,1379,54,4,interested
2078,1901,1091,13,no_interest
2079,39,499,54,interested
2080,1950,763,12,no_interest
2081,1880,92,17,interested
2082,314,624,10,no_interest
2083,49,1115,12,no_interest
2084,276,1061,34,no_show
2085,129,870,71,no_interest
2086,913,393,24,no_interest
2087,577,1164,78,no_interest
2088,1766,23,27,no_interest
2089,1972,43,36,interested
2090,638,1015,33,interested
2091,420,629,40,interested
2092,89,843,47,interested
2093,93,43,38,no_interest
2094,4,135,2,no_interest
2095,227,409,16,interested
2096,751,684,59,no_interest
2097,273,97,61,no_interest
2098,301,262,30,no_interest
2099,732,867,60,interested
2100,175,1002,49,no_interest
2101,158,1071,77,no_show
2102,1146,1193,71,no_interest
2103,1135,930,63,no_interest
2104,1507,897,48,no_show
2105,446,1025,62,no_interest
2106,157,264,28,no_interest
2107,173,1092,74,interested
2108,935,330,6,interested
2109,976,461,5,interested
2110,240,518,41,interested
2111,1027,840,66,no_interest
2112,174,935,29,interested
2113,1103,1138,4,no_interest
2114,1996,1186,52,no_interest
2115,1491,83,32,no_interest
2116,1629,220,45,no_show
2117,1649,654,66,interested
2118,395,1165,14,no_interest
2119,1105,667,31,no_interest
2120,1476,288,5,interested
2121,572,627,77,interested
2122,483,1196,24,no_interest
2123,1381,1155,41,interested
2124,1932,841,30,no_interest
2125,1736,862,59,interested
2126,112,959,10,no_interest
2127,404,940,72,no_interest
2128,381,113,45,interested
2129,1329,714,44,no_interest
2130,1380,655,35,interested
2131,1556,74,58,no_interest
2132,1881,1058,76,no_interest
2133,934,959,65,no_show
2134,1102,338,18,no_show
2135,1637,217,5,no_interest
2136,933,287,2,no_show
2137,45,636,64,no_interest
2138,140,256,23,interested
2139,217,909,47,no_interest
2140,1101,32,36,interested
2141,1819,48,40,no_interest
2142,838,991,11,no_interest
2143,527,560,20,no_show
2144,259,599,39,no_interest
2145,1969,1020,8,no_interest
2146,1153,1124,54,no_interest
2147,236,33,16,no_interest
2148,955,29,30,interested
2149,669,949,7,no_interest
2150,1351,602,29,no_interest
2151,60,950,32,interested
2152,1721,771,55,no_interest
2153,1160,989,33,no_interest
2154,1661,123,28,no_interest
2155,117,535,30,no_interest
2156,208,951,57,no_interest
2157,1799,1025,76,no_interest
2158,535,828,74,interested
2159,957,46,37,no_show
2160,249,216,25,interested
2161,1048,873,37,interested
2162,507,172,34,no_show
2163,1412,777,48,interested
2164,1613,256,22,no_interest
2165,1218,166,61,interested
2166,504,556,31,no_show
2167,943,555,26,no_interest
2168,317,726,49,no_interest
2169,961,607,4,no_show
2170,1627,678,27,interested
2171,646,188,20,interested
2172,150,690,34,interested
2173,137,233,76,no_interest
2174,1846,56,18,interested
2175,24,1002,14,interested
2176,824,1195,27,interested
2177,68,739,17,interested
2178,1383,634,34,interested
2179,1771,869,57,no_interest
2180,1938,501,47,no_interest
2181,1148,544,18,interested
2182,870,246,16,no_interest
2183,223,641,80,no_interest
2184,1252,638,35,no_interest
2185,847,175,69,interested
2186,1694,675,41,interested
2187,1564,649,69,no_show
2188,823,1086,17,no_interest
2189,1280,756,8,no_interest
2190,553,1189,40,no_show
2191,375,393,18,interested
2192,1137,759,76,interested
2193,713,1047,8,no_interest
2194,1944,683,22,no_interest
2195,62,689,4,no_show
2196,1016,648,6,no_show
2197,1467,1042,12,no_interest
2198,1808,924,28,interested
2199,1615,604,17,interested
2200,575,970,64,no_interest
2201,519,585,36,no_interest
2202,542,503,5,interested
2203,579,109,7,no_interest
2204,792,1164,69,no_show
2205,1893,278,50,interested
2206,890,258,59,interested
2207,748,426,64,no_interest
2208,467,1152,46,no_show
2209,1773,595,49,interested
2210,207,287,16,interested
2211,1734,521,4,no_interest
2212,1761,739,33,no_interest
2213,726,406,78,no_interest
2214,190,890,8,no_interest
2215,1259,456,19,no_interest
2216,1523,518,60,interested
2217,1155,294,51,no_show
2218,739,214,62,interested
2219,255,808,8,interested
2220,762,121,30,no_interest
2221,1419,1198,39,interested
2222,1300,1042,68,interested
2223,548,317,59,no_interest
2224,733,319,32,no_interest
2225,1611,1023,76,no_show
2226,1168,849,34,interested
2227,1636,628,78,no_interest
2228,1835,726,80,interested
2229,935,1039,15,interested
2230,1486,396,14,no_interest
2231,1791,590,19,no_interest
2232,219,1084,30,interested
2233,298,574,4,interested
2234,1229,428,51,no_show
2235,1873,265,61,interested
2236,946,837,35,no_interest
2237,1570,567,6,interested
2238,1891,798,44,no_interest
2239,204,166,21,no_interest
2240,474,1034,11,no_show
2241,1976,33,45,interested
2242,279,269,69,no_interest
2243,332,78,62,no_interest
2244,598,694,76,interested
2245,1625,1078,18,no_interest
2246,1908,861,63,no_interest
2247,559,374,27,no_interest
2248,652,543,28,no_show
2249,470,936,25,no_interest
2250,273,903,67,no_show
2251,1246,857,75,interested
2252,1690,706,16,interested
2253,283,777,1,no_interest
2254,1550,339,9,interested
2255,1831,515,67,interested
2256,1797,1166,49,no_show
2257,1898,704,28,no_show
2258,140,740,46,no_interest
2259,229,54,46,interested
2260,1148,1163,72,interested
2261,1139,929,29,interested
2262,1659,1164,47,interested
2263,1276,430,30,no_interest
2264,1741,467,14,no_show
2265,1254,976,25,no_show
2266,564,176,40,no_interest
2267,106,328,59,no_interest
2268,765,55,68,interested
2269,1115,38,1,no_interest
2270,967,309,23,interested
2271,1342,979,11,no_show
2272,1933,249,67,no_interest
2273,1542,572,45,interested
2274,1222,663,73,no_interest
2275,78,270,31,interested
2276,1665,672,80,no_show
2277,1831,1057,60,no_show
2278,236,943,47,no_interest
2279,1272,61,26,interested
2280,29,1129,68,no_interest
2281,1627,889,1,no_show
2282,580,138,60,interested
2283,347,573,16,no_show
2284,1911,50,7,no_interest
2285,1281,1119,55,no_interest
2286,716,1057,63,interested
2287,1399,1109,44,no_show
2288,11,694,74,no_interest
2289,622,687,6,interested
2290,1698,897,23,no_show
2291,801,845,80,interested
2292,806,263,58,interested
2293,880,695,14,no_interest
2294,256,590,18,interested
2295,1625,463,71,interested
2296,1357,664,6,no_interest
2297,1411,531,52,interested
2298,998,791,34,no_interest
2299,1903,606,78,no_show
2300,1758,1176,37,interested
2301,1606,774,58,interested
2302,69,905,72,no_show
2303,1147,860,73,no_interest
2304,1708,738,69,interested
2305,555,155,12,interested
2306,1323,895,59,no_interest
2307,879,594,12,no_interest
2308,1280,484,75,no_interest
2309,1252,650,28,no_interest
2310,108,149,21,interested
2311,436,225,56,no_interest
2312,730,1069,19,no_show
2313,530,506,57,no_interest
2314,554,902,1,interested
2315,989,412,50,interested
2316,1643,1043,58,interested
2317,1611,1188,23,no_show
2318,1844,286,7,no_interest
2319,1585,452,21,no_interest
2320,427,702,64,interested
2321,746,798,62,no_show
2322,149,317,32,interested
2323,1132,700,59,no_interest
2324,1767,1180,45,no_interest
2325,236,753,30,interested
2326,625,372,44,no_interest
2327,780,41,1,no_interest
2328,1607,2,43,no_show
2329,1662,1102,28,no_interest
2330,1241,95,27,interested
2331,1848,551,10,no_interest
2332,1998,504,52,interested
2333,388,257,76,no_interest
2334,889,1098,35,no_interest
2335,1392,909,57,no_interest
2336,57,1021,6,no_interest
2337,51,1022,35,no_show
2338,204,570,31,interested
2339,912,65,7,no_interest
2340,1502,163,63,no_show
2341,1827,582,26,interested
2342,897,169,49,interested
2343,1865,939,56,interested
2344,163,733,62,no_interest
2345,1639,617,1,no_interest
2346,523,768,65,no_interest
2347,250,1073,20,interested
2348,1105,1023,40,interested
2349,349,1002,65,interested
2350,479,131,33,interested
2351,1504,1031,65,no_interest
2352,857,425,34,no_interest
2353,353,169,21,interested
2354,1462,449,74,no_show
2355,1710,1074,21,interested
2356,1154,49,2,no_interest
2357,1684,252,28,no_show
2358,284,14,38,no_interest
2359,1942,1048,34,no_show
2360,720,860,59,no_show
2361,990,146,47,no_interest
2362,1366,545,15,no_interest
2363,952,778,50,interested
2364,647,856,71,no_interest
2365,473,1182,11,no_show
2366,824,636,48,no_interest
2367,821,1007,58,no_interest
2368,819,763,61,no_interest
2369,789,821,33,no_interest
2370,808,96,72,interested
2371,18,1025,44,no_interest
2372,287,893,40,interested
2373,657,379,10,no_interest
2374,128,589,74,no_interest
2375,1064,1014,68,interested
2376,1144,1027,63,no_show
2377,959,739,39,no_interest
2378,291,342,1,no_interest
2379,1407,1135,47,no_interest
2380,849,349,77,no_interest
2381,958,476,68,no_interest
2382,1405,565,5,interested
2383,1640,981,18,interested
2384,1764,885,26,no_interest
2385,504,333,12,interested
2386,114,398,12,no_interest
2387,389,1161,31,interested
2388,41,162,14,no_show
2389,1641,1042,34,no_interest
2390,821,725,33,no_interest
2391,663,703,67,no_interest
2392,761,274,38,interested
2393,1167,805,14,interested
2394,567,395,53,no_interest
2395,1918,519,45,no_interest
2396,1954,1072,28,interested
2397,1920,928,74,no_show
2398,410,1028,59,no_interest
2399,183,495,43,interested
2400,814,869,80,no_interest
2401,1796,507,27,no_interest
2402,1112,1178,46,no_interest
2403,1525,1101,56,no_interest
2404,140,951,69,no_show
2405,670,793,6,no_interest
2406,1229,1195,15,no_interest
2407,1877,886,17,interested
2408,870,628,61,no_interest
2409,1944,345,76,interested
2410,1642,1100,37,interested
2411,1076,742,15,no_interest
2412,1209,938,25,no_interest
2413,1157,100,12,no_interest
2414,9,269,64,no_interest
2415,1243,120,80,interested
2416,1476,261,2,interested
2417,1957,931,21,interested
2418,264,255,47,no_interest
2419,1172,85,36,no_show
2420,1498,784,22,no_interest
2421,1671,555,54,no_interest
2422,309,74,13,interested
2423,871,836,28,no_interest
2424,483,435,46,interested
2425,319,590,25,no_interest
2426,785,263,42,interested
2427,1103,188,36,interested
2428,110,1013,41,interested
2429,1752,1080,37,interested
2430,561,327,8,interested
2431,580,1084,39,interested
2432,1942,710,7,no_interest
2433,756,30,77,interested
2434,1776,506,24,no_interest
2435,1751,1197,73,no_interest
2436,954,51,18,interested
2437,9,620,26,interested
2438,1859,25,60,no_interest
2439,1371,1142,23,interested
2440,673,495,17,no_interest
2441,1002,973,29,no_interest
2442,727,703,33,no_interest
2443,133,897,17,no_interest
2444,975,462,44,interested
2445,1142,219,37,no_interest
2446,200,369,50,no_interest
2447,217,696,32,no_interest
2448,1636,1182,17,no_interest
2449,368,948,7,no_interest
2450,1970,142,45,interested
2451,1315,202,27,no_show
2452,1701,456,32,no_interest
2453,895,323,61,no_interest
2454,1518,1106,79,no_interest
2455,677,1033,24,no_show
2456,1664,915,61,interested
2457,1444,1158,9,no_interest
2458,1235,89,29,no_interest
2459,230,225,19,no_show
2460,710,497,73,no_interest
2461,743,646,60,no_interest
2462,180,590,24,interested
2463,1515,184,54,no_show
2464,383,364,5,no_interest
2465,1447,802,42,no_interest
2466,94,8,36,no_interest
2467,389,807,33,no_show
2468,804,547,38,interested
2469,1687,329,73,no_interest
2470,857,191,33,interested
2471,1414,16,8,no_interest
2472,308,339,57,interested
2473,1025,490,41,interested
2474,1042,97,65,no_show
2475,1885,914,70,interested
2476,988,218,8,no_interest
2477,448,386,70,no_interest
2478,447,81,2,interested
2479,89,123,55,interested
2480,1998,288,44,no_interest
2481,1763,869,61,no_show
2482,1812,678,37,no_interest
2483,1130,847,16,no_interest
2484,1133,633,60,no_interest
2485,495,593,36,no_interest
2486,1307,444,29,interested
2487,588,776,46,no_interest
2488,1991,847,68,interested
2489,1685,134,43,interested
2490,842,412,43,interested
2491,641,1014,27,interested
2492,1549,140,66,interested
2493,1614,1024,51,no_interest
2494,792,736,73,interested
2495,1188,837,42,no_interest
2496,26,86,30,no_interest
2497,917,645,20,interested
2498,1727,810,35,no_interest
2499,1306,287,12,interested
2500,328,377,17,interested
